{"directory":"",
    "sql_file": "",
    "files": [
        {
            "root_directory": "update/update_7.7/controllers/Home.php",
            "update_directory": "application/controllers/Home.php"
        },
        {
            "root_directory": "update/update_7.7/controllers/Superadmin.php",
            "update_directory": "application/controllers/Superadmin.php"
        },
        {
            "root_directory": "update/update_7.7/models/Crud_model.php",
            "update_directory": "application/models/Crud_model.php"
        },
        {
            "root_directory": "update/update_7.7/views/backend/admin/noticeboard/create.php",
            "update_directory": "application/views/backend/admin/noticeboard/create.php"
        },
        {
            "root_directory": "update/update_7.7/views/backend/superadmin/noticeboard/create.php",
            "update_directory": "application/views/backend/superadmin/noticeboard/create.php"
        },
        {
            "root_directory": "update/update_7.7/views/backend/header.php",
            "update_directory": "application/views/backend/header.php"
        }
    ]
}